Time,Region,value
1990,CAZ,27025.42898
1990,CHA,1644.487059
1990,EUR,20986.72242
1990,IND,1655.245958
1990,JPN,27741.64269
1990,LAM,8688.100405
1990,MEA,10689.42647
1990,NEU,11399.33464
1990,OAS,3688.422423
1990,REF,10511.98385
1990,SSA,2505.715
1990,USA,32835.62291
1991,CAZ,27173.57102
1991,CHA,1849.596436
1991,EUR,21215.16268
1991,IND,1711.965177
1991,JPN,28067.69604
1991,LAM,8816.666897
1991,MEA,10747.1012
1991,NEU,11421.9038
1991,OAS,3886.185681
1991,REF,9595.071816
1991,SSA,2444.872796
1991,USA,33274.81662
1992,CAZ,27408.8596
1992,CHA,2051.683945
1992,EUR,21452.37048
1992,IND,1766.095267
1992,JPN,28396.90727
1992,LAM,8942.35958
1992,MEA,10802.14369
1992,NEU,11473.48861
1992,OAS,4072.493422
1992,REF,8701.80036
1992,SSA,2386.886014
1992,USA,33679.51095
1993,CAZ,27669.21889
1993,CHA,2250.201508
1993,EUR,21682.37151
1993,IND,1817.763024
1993,JPN,28736.80396
1993,LAM,9064.212296
1993,MEA,10887.07735
1993,NEU,11537.83953
1993,OAS,4247.265397
1993,REF,7831.321348
1993,SSA,2330.726045
1993,USA,34089.98865
1994,CAZ,27910.92089
1994,CHA,2444.336536
1994,EUR,21924.86614
1994,IND,1867.114214
1994,JPN,29087.28225
1994,LAM,9182.104052
1994,MEA,10972.13342
1994,NEU,11581.34338
1994,OAS,4415.121989
1994,REF,6979.528204
1994,SSA,2277.303812
1994,USA,34515.80401
1995,CAZ,28136.46131
1995,CHA,2634.999056
1995,EUR,22177.45937
1995,IND,1914.318048
1995,JPN,29448.71471
1995,LAM,9296.935931
1995,MEA,11042.92451
1995,NEU,11622.80188
1995,OAS,4579.053575
1995,REF,6134.27781
1995,SSA,2224.586368
1995,USA,34938.57973
1996,CAZ,29033.77011
1996,CHA,2850.408884
1996,EUR,22829.40573
1996,IND,2006.125212
1996,JPN,29694.17072
1996,LAM,9433.259194
1996,MEA,11330.8695
1996,NEU,11932.36639
1996,OAS,4646.458618
1996,REF,6237.86646
1996,SSA,2242.46874
1996,USA,36158.46227
1997,CAZ,29935.64326
1997,CHA,3062.296314
1997,EUR,23481.47809
1997,IND,2094.342772
1997,JPN,29934.95421
1997,LAM,9566.704274
1997,MEA,11602.68877
1997,NEU,12241.65537
1997,OAS,4711.37129
1997,REF,6343.660395
1997,SSA,2259.40109
1997,USA,37330.31037
1998,CAZ,30863.36927
1998,CHA,3271.657471
1998,EUR,24133.86409
1998,IND,2179.172214
1998,JPN,30164.32925
1998,LAM,9697.622843
1998,MEA,11862.27986
1998,NEU,12574.28724
1998,OAS,4773.995699
1998,REF,6451.112276
1998,SSA,2274.468977
1998,USA,38483.64745
1999,CAZ,31772.6983
1999,CHA,3479.946693
1999,EUR,24776.20051
1999,IND,2260.961102
1999,JPN,30419.34371
1999,LAM,9826.711525
1999,MEA,12107.62131
1999,NEU,12916.37772
1999,OAS,4835.171852
1999,REF,6564.433348
1999,SSA,2286.910796
1999,USA,39612.11917
2000,CAZ,32633.88707
2000,CHA,3687.25614
2000,EUR,25425.4224
2000,IND,2339.656156
2000,JPN,30678.02408
2000,LAM,9954.704905
2000,MEA,12336.0173
2000,NEU,13235.48473
2000,OAS,4895.491969
2000,REF,6677.881063
2000,SSA,2296.661693
2000,USA,40724.28834
2001,CAZ,33256.74476
2001,CHA,4059.783018
2001,EUR,25900.44338
2001,IND,2466.374433
2001,JPN,30976.26445
2001,LAM,10085.66762
2001,MEA,12655.55574
2001,NEU,13615.30929
2001,OAS,5083.486096
2001,REF,7218.30193
2001,SSA,2375.520466
2001,USA,41405.55332
2002,CAZ,33851.16196
2002,CHA,4429.241522
2002,EUR,26350.02847
2002,IND,2588.619061
2002,JPN,31275.52661
2002,LAM,10216.07378
2002,MEA,12977.34941
2002,NEU,13992.97676
2002,OAS,5264.586005
2002,REF,7760.348192
2002,SSA,2448.182941
2002,USA,42095.51677
2003,CAZ,34456.68797
2003,CHA,4796.004216
2003,EUR,26766.04399
2003,IND,2707.21401
2003,JPN,31579.08775
2003,LAM,10346.97914
2003,MEA,13286.74188
2003,NEU,14369.7066
2003,OAS,5441.884861
2003,REF,8301.001956
2003,SSA,2515.110369
2003,USA,42798.43327
2004,CAZ,35061.55756
2004,CHA,5159.338148
2004,EUR,27170.66205
2004,IND,2822.449746
2004,JPN,31938.74789
2004,LAM,10476.88278
2004,MEA,13563.27882
2004,NEU,14738.61336
2004,OAS,5617.717155
2004,REF,8837.766564
2004,SSA,2576.304785
2004,USA,43457.54321
2005,CAZ,35638.6819
2005,CHA,5518.681492
2005,EUR,27572.73179
2005,IND,2935.132396
2005,JPN,32306.00213
2005,LAM,10605.09428
2005,MEA,13805.40192
2005,NEU,15102.44382
2005,OAS,5790.649161
2005,REF,9372.530849
2005,SSA,2632.179841
2005,USA,44102.54046
2006,CAZ,35859.87149
2006,CHA,6202.462137
2006,EUR,27752.25725
2006,IND,3124.020452
2006,JPN,32269.97236
2006,LAM,10896.61931
2006,MEA,14094.42601
2006,NEU,15403.05432
2006,OAS,6023.259256
2006,REF,9809.332023
2006,SSA,2712.183036
2006,USA,44117.67542
2007,CAZ,36025.34221
2007,CHA,6880.901865
2007,EUR,27925.70634
2007,IND,3308.438252
2007,JPN,32217.3677
2007,LAM,11183.85742
2007,MEA,14349.66632
2007,NEU,15700.96084
2007,OAS,6252.516876
2007,REF,10233.12167
2007,SSA,2785.44119
2007,USA,44134.28338
2008,CAZ,36136.19668
2008,CHA,7553.01882
2008,EUR,28100.72758
2008,IND,3488.358889
2008,JPN,32186.23271
2008,LAM,11467.25872
2008,MEA,14582.64509
2008,NEU,15992.55082
2008,OAS,6474.916003
2008,REF,10636.93662
2008,SSA,2852.367672
2008,USA,44148.91546
2009,CAZ,36212.79646
2009,CHA,8219.560407
2009,EUR,28295.8259
2009,IND,3663.680249
2009,JPN,32174.71519
2009,LAM,11745.69622
2009,MEA,14802.03654
2009,NEU,16270.48355
2009,OAS,6689.278776
2009,REF,11029.54968
2009,SSA,2913.611219
2009,USA,44189.9357
2010,CAZ,36348.99022
2010,CHA,8880.440492
2010,EUR,28512.53211
2010,IND,3834.012788
2010,JPN,32153.40043
2010,LAM,12022.57644
2010,MEA,15027.45515
2010,NEU,16534.80557
2010,OAS,6895.786756
2010,REF,11409.68477
2010,SSA,2968.9626
2010,USA,44247.68338
2011,CAZ,36848.47712
2011,CHA,9601.822101
2011,EUR,28867.33021
2011,IND,4061.751722
2011,JPN,32558.16679
2011,LAM,12166.23319
2011,MEA,15164.70226
2011,NEU,17234.86395
2011,OAS,7150.265085
2011,REF,11598.70561
2011,SSA,3028.313585
2011,USA,44904.84335
2012,CAZ,37266.76709
2012,CHA,10301.39338
2012,EUR,29142.67751
2012,IND,4283.888868
2012,JPN,32955.91345
2012,LAM,12306.84966
2012,MEA,15293.74873
2012,NEU,17896.54783
2012,OAS,7400.942724
2012,REF,11790.26705
2012,SSA,3082.782668
2012,USA,45547.06197
2013,CAZ,37671.4957
2013,CHA,10992.78445
2013,EUR,29392.89106
2013,IND,4500.994371
2013,JPN,33349.69924
2013,LAM,12446.97821
2013,MEA,15394.61166
2013,NEU,18508.722
2013,OAS,7649.037501
2013,REF,11972.80669
2013,SSA,3132.225236
2013,USA,46196.30985
2014,CAZ,38078.6257
2014,CHA,11678.55448
2014,EUR,29637.27956
2014,IND,4714.485492
2014,JPN,33740.6468
2014,LAM,12586.13381
2014,MEA,15478.82542
2014,NEU,19064.57884
2014,OAS,7892.105532
2014,REF,12154.27629
2014,SSA,3177.497452
2014,USA,46815.45595
2015,CAZ,38522.55499
2015,CHA,12361.15126
2015,EUR,29885.79181
2015,IND,4924.617285
2015,JPN,34123.50622
2015,LAM,12723.69769
2015,MEA,15555.65
2015,NEU,19611.14071
2015,OAS,8132.519654
2015,REF,12329.97677
2015,SSA,3218.322931
2015,USA,47421.73345
2016,CAZ,38739.97875
2016,CHA,13115.7998
2016,EUR,30284.66734
2016,IND,5138.916285
2016,JPN,34230.95984
2016,LAM,12629.99262
2016,MEA,15521.60612
2016,NEU,20042.63408
2016,OAS,8369.2826
2016,REF,12516.67858
2016,SSA,3202.412526
2016,USA,48103.82301
2017,CAZ,38920.63597
2017,CHA,13857.11055
2017,EUR,30698.8563
2017,IND,5349.056289
2017,JPN,34349.07067
2017,LAM,12541.07751
2017,MEA,15499.75543
2017,NEU,20514.92446
2017,OAS,8598.783114
2017,REF,12709.80655
2017,SSA,3186.764912
2017,USA,48818.49802
2018,CAZ,39072.42909
2018,CHA,14608.7644
2018,EUR,31108.69382
2018,IND,5557.472153
2018,JPN,34482.86781
2018,LAM,12459.61315
2018,MEA,15471.60024
2018,NEU,21048.25351
2018,OAS,8821.33029
2018,REF,12910.43674
2018,SSA,3169.56853
2018,USA,49574.87055
2019,CAZ,39214.63459
2019,CHA,15370.23319
2019,EUR,31543.89319
2019,IND,5764.338893
2019,JPN,34621.65232
2019,LAM,12382.73804
2019,MEA,15448.94077
2019,NEU,21587.3439
2019,OAS,9039.40439
2019,REF,13110.31326
2019,SSA,3151.161012
2019,USA,50357.72306
2020,CAZ,39425.00083
2020,CHA,16145.54333
2020,EUR,31988.56037
2020,IND,5970.590285
2020,JPN,34814.23755
2020,LAM,12315.27311
2020,MEA,15467.79443
2020,NEU,22126.74988
2020,OAS,9250.626748
2020,REF,13321.29491
2020,SSA,3131.897023
2020,USA,50874.45352
2021,CAZ,40124.36318
2021,CHA,17038.62999
2021,EUR,32653.88803
2021,IND,6299.044713
2021,JPN,35254.21212
2021,LAM,12485.06146
2021,MEA,15652.42779
2021,NEU,22732.50854
2021,OAS,9554.519621
2021,REF,13638.85528
2021,SSA,3150.125647
2021,USA,52202.77043
2022,CAZ,40621.66918
2022,CHA,17946.06966
2022,EUR,32988.50063
2022,IND,6629.648315
2022,JPN,35737.49958
2022,LAM,12657.81049
2022,MEA,15807.53573
2022,NEU,23348.20321
2022,OAS,9854.481339
2022,REF,14245.32804
2022,SSA,3167.101544
2022,USA,53351.46861
2023,CAZ,41110.82783
2023,CHA,18854.80298
2023,EUR,33727.67915
2023,IND,6946.814876
2023,JPN,36221.32751
2023,LAM,12817.65494
2023,MEA,15946.28277
2023,NEU,23969.56107
2023,OAS,10144.80014
2023,REF,14489.6174
2023,SSA,3181.442779
2023,USA,54447.88491
2024,CAZ,41594.42999
2024,CHA,19767.21582
2024,EUR,34446.40259
2024,IND,7250.690243
2024,JPN,36709.14303
2024,LAM,12970.88076
2024,MEA,16078.79829
2024,NEU,24584.31837
2024,OAS,10427.45745
2024,REF,14743.33448
2024,SSA,3193.144537
2024,USA,55537.63419
2025,CAZ,42072.35936
2025,CHA,20685.64444
2025,EUR,35148.81461
2025,IND,7550.161872
2025,JPN,37206.82808
2025,LAM,13123.78512
2025,MEA,16209.25856
2025,NEU,25196.19264
2025,OAS,10705.48667
2025,REF,15014.9757
2025,SSA,3202.901105
2025,USA,56621.32516
2026,CAZ,42527.60042
2026,CHA,21623.93864
2026,EUR,35689.85068
2026,IND,7883.721117
2026,JPN,37706.04331
2026,LAM,13469.14214
2026,MEA,16530.66461
2026,NEU,25728.04116
2026,OAS,11006.69634
2026,REF,15546.16663
2026,SSA,3307.941085
2026,USA,57402.48157
2027,CAZ,42992.93592
2027,CHA,22565.31479
2027,EUR,36191.04317
2027,IND,8216.521032
2027,JPN,38172.7547
2027,LAM,13816.02469
2027,MEA,16877.42244
2027,NEU,26224.18638
2027,OAS,11316.06458
2027,REF,16118.44237
2027,SSA,3415.415439
2027,USA,58075.04469
2028,CAZ,43451.14259
2028,CHA,23508.34607
2028,EUR,36691.9727
2028,IND,8544.080713
2028,JPN,38644.09171
2028,LAM,14158.41742
2028,MEA,17215.56118
2028,NEU,26715.43536
2028,OAS,11619.92502
2028,REF,16690.99049
2028,SSA,3518.363066
2028,USA,58738.80728
2029,CAZ,43902.38301
2029,CHA,24453.03686
2029,EUR,37192.63947
2029,IND,8866.522961
2029,JPN,39120.12343
2029,LAM,14496.40695
2029,MEA,17545.39823
2029,NEU,27201.86022
2029,OAS,11918.42345
2029,REF,17263.81116
2029,SSA,3617.064059
2029,USA,59393.94095
2030,CAZ,44346.81484
2030,CHA,25399.39153
2030,EUR,37693.04369
2030,IND,9183.966771
2030,JPN,39600.92037
2030,LAM,14830.07767
2030,MEA,17867.23563
2030,NEU,27683.53167
2030,OAS,12211.70055
2030,REF,17836.9046
2030,SSA,3711.775872
2030,USA,60040.61287
2031,CAZ,44887.1021
2031,CHA,26226.64004
2031,EUR,38229.08023
2031,IND,9517.676405
2031,JPN,40044.93073
2031,LAM,15257.55572
2031,MEA,18220.18336
2031,NEU,28164.57483
2031,OAS,12483.21388
2031,REF,18481.82434
2031,SSA,3862.48802
2031,USA,60596.39462
2032,CAZ,45419.9319
2032,CHA,27058.20022
2032,EUR,38765.0211
2032,IND,9847.06793
2032,JPN,40493.89743
2032,LAM,15680.64267
2032,MEA,18565.26619
2032,NEU,28641.89794
2032,OAS,12750.68727
2032,REF,19127.63173
2032,SSA,4007.263277
2032,USA,61145.53962
2033,CAZ,45945.45759
2033,CHA,27894.10589
2033,EUR,39300.86632
2033,IND,10172.22462
2033,JPN,40947.90393
2033,LAM,16099.40583
2033,MEA,18902.7441
2033,NEU,29115.54399
2033,OAS,13014.21022
2033,REF,19774.32861
2033,SSA,4146.445668
2033,USA,61688.16605
2034,CAZ,46463.82832
2034,CHA,28734.3912
2034,EUR,39836.61592
2034,IND,10493.22762
2034,JPN,41407.03556
2034,LAM,16513.91115
2034,MEA,19232.86576
2034,NEU,29585.5553
2034,OAS,13273.86962
2034,REF,20421.91682
2034,SSA,4280.353142
2034,USA,62224.38929
2035,CAZ,46975.18924
2035,CHA,29579.09064
2035,EUR,40372.26992
2035,IND,10810.15601
2035,JPN,41871.37959
2035,LAM,16924.22323
2035,MEA,19555.86909
2035,NEU,30051.97355
2035,OAS,13529.74981
2035,REF,21070.39821
2035,SSA,4409.279995
2035,USA,62754.32201
2036,CAZ,47551.38324
2036,CHA,30380.78365
2036,EUR,40962.02573
2036,IND,11178.5228
2036,JPN,42292.69088
2036,LAM,17389.98831
2036,MEA,19920.31571
2036,NEU,30571.90464
2036,OAS,13823.87377
2036,REF,21680.40812
2036,SSA,4594.412022
2036,USA,63248.22559
2037,CAZ,48120.349
2037,CHA,31188.55786
2037,EUR,41551.79565
2037,IND,11543.28755
2037,JPN,42719.07475
2037,LAM,17852.15163
2037,MEA,20277.5043
2037,NEU,31088.96393
2037,OAS,14114.42982
2037,REF,22291.04569
2037,SSA,4772.94309
2037,USA,63736.88987
2038,CAZ,48682.22168
2038,CHA,32002.48273
2038,EUR,42141.57969
2038,IND,11904.50283
2038,JPN,43150.62339
2038,LAM,18310.75481
2038,MEA,20627.64953
2038,NEU,31603.17516
2038,OAS,14401.48248
2038,REF,22902.3119
2038,SSA,4945.220056
2038,USA,64220.39777
2039,CAZ,49237.1331
2039,CHA,32822.62877
2039,EUR,42731.37784
2039,IND,12262.2202
2039,JPN,43587.43119
2039,LAM,18765.83883
2039,MEA,20970.95769
2039,NEU,32114.56178
2039,OAS,14685.09474
2039,REF,23514.20772
2039,SSA,5111.565892
2039,USA,64698.83047
2040,CAZ,49785.21183
2040,CHA,33649.06758
2040,EUR,43321.1901
2040,IND,12616.49022
2040,JPN,44029.59489
2040,LAM,19217.44404
2040,MEA,21307.62711
2040,NEU,32623.14701
2040,OAS,14965.32808
2040,REF,24126.73412
2040,SSA,5272.281709
2040,USA,65172.26748
2041,CAZ,50370.83728
2041,CHA,34440.54742
2041,EUR,43937.82332
2041,IND,13017.60373
2041,JPN,44502.64752
2041,LAM,19720.15582
2041,MEA,21690.01452
2041,NEU,33177.59789
2041,OAS,15289.79866
2041,REF,24669.66869
2041,SSA,5500.097975
2041,USA,65620.19901
2042,CAZ,50949.49186
2042,CHA,35239.6299
2042,EUR,44554.58517
2042,IND,13415.87938
2042,JPN,44981.55166
2042,LAM,20220.18007
2042,MEA,22065.76851
2042,NEU,33730.11344
2042,OAS,15611.14172
2042,REF,25212.93654
2042,SSA,5720.661203
2042,USA,66063.82206
2043,CAZ,51521.29931
2043,CHA,36046.42509
2043,EUR,45171.47569
2043,IND,13811.34718
2043,JPN,45466.41658
2043,LAM,20717.53829
2043,MEA,22435.06023
2043,NEU,34280.70379
2043,OAS,15929.40225
2043,REF,25756.53796
2043,SSA,5934.312342
2043,USA,66503.1985
2044,CAZ,52086.38043
2044,CHA,36861.0452
2044,EUR,45788.49492
2044,IND,14204.03671
2044,JPN,45957.35425
2044,LAM,21212.25175
2044,MEA,22798.05496
2044,NEU,34829.37897
2044,OAS,16244.62441
2044,REF,26300.47327
2044,SSA,6141.371299
2044,USA,66938.38901
2045,CAZ,52644.85323
2045,CHA,37683.60462
2045,EUR,46405.64289
2045,IND,14593.97715
2045,JPN,46454.47948
2045,LAM,21704.34149
2045,MEA,23154.9124
2045,NEU,35376.14897
2045,OAS,16556.85149
2045,REF,26844.74276
2045,SSA,6342.13854
2045,USA,67369.45314
2046,CAZ,53196.83742
2046,CHA,38420.31478
2046,EUR,47040.38651
2046,IND,15029.6181
2046,JPN,46951.07324
2046,LAM,22250.81332
2046,MEA,23556.89494
2046,NEU,35967.32226
2046,OAS,16914.11471
2046,REF,27331.32392
2046,SSA,6620.109094
2046,USA,67750.44976
2047,CAZ,53742.4466
2047,CHA,39165.81899
2047,EUR,47675.47082
2047,IND,15463.15478
2047,JPN,47453.76686
2047,LAM,22795.629
2047,MEA,23953.03836
2047,NEU,36557.53156
2047,OAS,17268.79591
2047,REF,27818.28071
2047,SSA,6890.273779
2047,USA,68127.94958
2048,CAZ,54281.79055
2048,CHA,39920.27568
2048,EUR,48310.8961
2048,IND,15894.60241
2048,JPN,47962.67343
2048,LAM,23338.79604
2048,MEA,24343.46898
2048,NEU,37146.77924
2048,OAS,17620.92298
2048,REF,28305.61355
2048,SSA,7152.956846
2048,USA,68502.00054
2049,CAZ,54814.9766
2049,CHA,40683.84706
2049,EUR,48946.66262
2049,IND,16323.97605
2049,JPN,48477.90883
2049,LAM,23880.3219
2049,MEA,24728.30948
2049,NEU,37735.06763
2049,OAS,17970.52341
2049,REF,28793.32288
2049,SSA,7408.46483
2049,USA,68872.64967
2050,CAZ,55342.10959
2050,CHA,41456.69933
2050,EUR,49582.77065
2050,IND,16751.29061
2050,JPN,48999.59187
2050,LAM,24420.21402
2050,MEA,25107.67908
2050,NEU,38322.39909
2050,OAS,18317.6243
2050,REF,29281.40915
2050,SSA,7657.087747
2050,USA,69239.94318
2051,CAZ,55893.9135
2051,CHA,42132.58757
2051,EUR,50258.60574
2051,IND,17228.57058
2051,JPN,49553.3927
2051,LAM,25019.92262
2051,MEA,25553.00275
2051,NEU,38967.78681
2051,OAS,18718.51595
2051,REF,29791.42154
2051,SSA,7998.292535
2051,USA,69607.25422
2052,CAZ,56439.47866
2052,CHA,42818.28418
2052,EUR,50935.07196
2052,IND,17704.53073
2052,JPN,50114.01735
2052,LAM,25619.13585
2052,MEA,25993.16068
2052,NEU,39613.18599
2052,OAS,19117.42789
2052,REF,30302.23785
2052,SSA,8331.135705
2052,USA,69971.18151
2053,CAZ,56978.9103
2053,CHA,43514.00423
2053,EUR,51612.1702
2053,IND,18179.17653
2053,JPN,50681.5927
2053,LAM,26217.85433
2053,MEA,26428.24225
2053,NEU,40258.59661
2053,OAS,19514.37475
2053,REF,30813.85997
2053,SSA,8655.920902
2053,USA,70331.7716
2054,CAZ,57512.31125
2054,CHA,44219.96913
2054,EUR,52289.90133
2054,IND,18652.51341
2054,JPN,51256.24884
2054,LAM,26816.07867
2054,MEA,26858.33478
2054,NEU,40904.0187
2054,OAS,19909.371
2054,REF,31326.28981
2054,SSA,8972.937246
2054,USA,70689.07019
2055,CAZ,58039.7821
2055,CHA,44936.40683
2055,EUR,52968.26626
2055,IND,19124.54679
2055,JPN,51838.11911
2055,LAM,27413.80949
2055,MEA,27283.52357
2055,NEU,41549.45223
2055,OAS,20302.431
2055,REF,31839.52928
2055,SSA,9282.460189
2055,USA,71043.12213
2056,CAZ,58665.05305
2056,CHA,45627.93621
2056,EUR,53725.07396
2056,IND,19651.91025
2056,JPN,52454.01972
2056,LAM,28066.08461
2056,MEA,27789.01519
2056,NEU,42246.20477
2056,OAS,20749.59361
2056,REF,32451.71728
2056,SSA,9695.235553
2056,USA,71424.59238
2057,CAZ,59283.33412
2057,CHA,46331.07611
2057,EUR,54482.78666
2057,IND,20178.876
2057,JPN,53077.92087
2057,LAM,28719.16792
2057,MEA,28290.01623
2057,NEU,42943.98851
2057,OAS,21195.47181
2057,REF,33065.50332
2057,SSA,10099.26346
2057,USA,71802.44639
2058,CAZ,59894.74186
2058,CHA,47046.12142
2058,EUR,55241.406
2058,IND,20705.44448
2058,JPN,53709.97947
2058,LAM,29373.06089
2058,MEA,28786.58625
2058,NEU,43642.80575
2058,OAS,21640.07114
2058,REF,33680.89367
2058,SSA,10494.81907
2058,USA,72176.73535
2059,CAZ,60499.39025
2059,CHA,47773.37708
2059,EUR,56000.93358
2059,IND,21231.61614
2059,JPN,54350.35655
2059,LAM,30027.76505
2059,MEA,29278.78379
2059,NEU,44342.65878
2059,OAS,22083.39707
2059,REF,34297.89463
2059,SSA,10882.1661
2059,USA,72547.50948
2060,CAZ,61097.39077
2060,CHA,48513.15855
2060,EUR,56761.37105
2060,IND,21757.39142
2060,JPN,54999.21741
2060,LAM,30683.28191
2060,MEA,29766.66634
2060,NEU,45043.54992
2060,OAS,22525.45508
2060,REF,34916.51253
2060,SSA,11261.55744
2060,USA,72914.81805
2061,CAZ,61828.82583
2061,CHA,49222.85089
2061,EUR,57597.30959
2061,IND,22333.7812
2061,JPN,55669.06959
2061,LAM,31385.84149
2061,MEA,30340.36895
2061,NEU,45795.38876
2061,OAS,23026.42499
2061,REF,35594.87539
2061,SSA,11751.99581
2061,USA,73330.50186
2062,CAZ,62552.1056
2062,CHA,49945.59639
2062,EUR,58434.12548
2062,IND,22910.8299
2062,JPN,56348.39553
2062,LAM,32090.5847
2062,MEA,30910.33756
2062,NEU,46549.22732
2062,OAS,23526.88844
2062,REF,36275.53164
2062,SSA,12233.55759
2062,USA,73742.13582
2063,CAZ,63267.36571
2063,CHA,50681.75852
2063,EUR,59271.82012
2063,IND,23488.53865
2063,JPN,57037.39764
2063,LAM,32797.52174
2063,MEA,31476.60851
2063,NEU,47305.07358
2063,OAS,24026.84618
2063,REF,36958.49292
2063,SSA,12706.4816
2063,USA,74149.77883
2064,CAZ,63974.7388
2064,CHA,51431.71437
2064,EUR,60110.39489
2064,IND,24066.90859
2064,JPN,57736.28415
2064,LAM,33506.66286
2064,MEA,32039.21766
2064,NEU,48062.93556
2064,OAS,24526.299
2064,REF,37643.77097
2064,SSA,13170.99819
2064,USA,74553.48866
2065,CAZ,64674.35462
2065,CHA,52195.85528
2065,EUR,60949.85118
2065,IND,24645.94085
2065,JPN,58445.26929
2065,LAM,34218.0184
2065,MEA,32598.20043
2065,NEU,48822.82135
2065,OAS,25025.24764
2065,REF,38331.37759
2065,SSA,13627.32956
2065,USA,74953.32195
2066,CAZ,65486.04719
2066,CHA,52912.13586
2066,EUR,61832.00469
2066,IND,25263.1881
2066,JPN,59169.47198
2066,LAM,34970.81743
2066,MEA,33229.01492
2066,NEU,49629.03957
2066,OAS,25583.18935
2066,REF,39035.58497
2066,SSA,14202.62867
2066,USA,75355.45393
2067,CAZ,66288.76028
2067,CHA,53642.14266
2067,EUR,62714.54466
2067,IND,25882.28468
2067,JPN,59904.64302
2067,LAM,35727.1984
2067,MEA,33857.03454
2067,NEU,50438.1692
2067,OAS,26141.48354
2067,REF,39742.49706
2067,SSA,14769.19266
2067,USA,75753.69017
2068,CAZ,67082.64209
2068,CHA,54386.27407
2068,EUR,63597.47136
2068,IND,26503.23893
2068,JPN,60651.03347
2068,LAM,36487.18692
2068,MEA,34482.27783
2068,NEU,51250.22606
2068,OAS,26700.13053
2068,REF,40452.12946
2068,SSA,15327.21898
2068,USA,76148.087
2069,CAZ,67867.83755
2069,CHA,55144.94403
2069,EUR,64480.78503
2069,IND,27126.05921
2069,JPN,61408.90215
2069,LAM,37250.80887
2069,MEA,35104.76314
2069,NEU,52065.22604
2069,OAS,27259.13066
2069,REF,41164.4979
2069,SSA,15876.89918
2069,USA,76538.69968
2070,CAZ,68644.48845
2070,CHA,55918.58281
2070,EUR,65364.48594
2070,IND,27750.75395
2070,JPN,62178.51587
2070,LAM,38018.09037
2070,MEA,35724.50869
2070,NEU,52883.1852
2070,OAS,27818.48428
2070,REF,41879.61824
2070,SSA,16418.41911
2070,USA,76925.58241
2071,CAZ,69492.7012
2071,CHA,56623.16372
2071,EUR,66266.3061
2071,IND,28407.77452
2071,JPN,62938.09431
2071,LAM,38829.54208
2071,MEA,36411.0021
2071,NEU,53733.06735
2071,OAS,28434.03372
2071,REF,42575.51746
2071,SSA,17084.1457
2071,USA,77321.59954
2072,CAZ,70331.75638
2072,CHA,57341.52287
2072,EUR,67167.71971
2072,IND,29067.81787
2072,JPN,63709.2376
2072,LAM,39646.05616
2072,MEA,37095.68011
2072,NEU,54586.6724
2072,OAS,29050.95148
2072,REF,43274.01804
2072,SSA,17741.60888
2072,USA,77713.91794
2073,CAZ,71161.80149
2073,CHA,58074.06841
2073,EUR,68068.72705
2073,IND,29730.90492
2073,JPN,64492.21186
2073,LAM,40467.68013
2073,MEA,37778.5499
2073,NEU,55444.02488
2073,OAS,29669.24213
2073,REF,43975.13458
2073,SSA,18390.96155
2073,USA,78102.5892
2074,CAZ,71982.98089
2074,CHA,58821.22476
2074,EUR,68969.32838
2074,IND,30397.05677
2074,JPN,65287.29147
2074,LAM,41294.46211
2074,MEA,38459.61863
2074,NEU,56305.1495
2074,OAS,30288.91025
2074,REF,44678.8818
2074,SSA,19032.35286
2074,USA,78487.66394
2075,CAZ,72795.43586
2075,CHA,59583.43347
2075,EUR,69869.524
2075,IND,31066.29471
2075,JPN,66094.75935
2075,LAM,42126.45081
2075,MEA,39138.89342
2075,NEU,57170.07124
2075,OAS,30909.96046
2075,REF,45385.27455
2075,SSA,19665.92835
2075,USA,78869.19184
2076,CAZ,73690.54428
2076,CHA,60316.07475
2076,EUR,70803.96874
2076,IND,31765.91516
2076,JPN,66892.02657
2076,LAM,42996.26301
2076,MEA,39887.41095
2076,NEU,58065.3178
2076,OAS,31587.25949
2076,REF,46092.68477
2076,SSA,20426.24607
2076,USA,79306.75259
2077,CAZ,74576.37825
2077,CHA,61063.27
2077,EUR,71737.19695
2077,IND,32469.70224
2077,JPN,67700.6395
2077,LAM,43872.64176
2077,MEA,40635.10852
2077,NEU,58965.01277
2077,OAS,32267.13388
2077,REF,46802.32419
2077,SSA,21179.13414
2077,USA,79740.49504
2078,CAZ,75453.08117
2078,CHA,61825.45724
2078,EUR,72669.211
2078,IND,33177.69328
2078,JPN,68520.84207
2078,LAM,44755.66172
2078,MEA,41381.98746
2078,NEU,59869.18939
2078,OAS,32949.59835
2078,REF,47514.20337
2078,SSA,21924.70093
2078,USA,80170.46893
2079,CAZ,76320.79348
2079,CHA,62603.09227
2079,EUR,73600.01326
2079,IND,33889.92608
2079,JPN,69352.88523
2079,LAM,45645.39866
2079,MEA,42128.04913
2079,NEU,60777.88121
2079,OAS,33634.66772
2079,REF,48228.33293
2079,SSA,22663.0527
2079,USA,80596.72318
2080,CAZ,77179.65278
2080,CHA,63396.64951
2080,EUR,74529.60609
2080,IND,34606.43886
2080,JPN,70197.02726
2080,LAM,46541.92952
2080,MEA,42873.29486
2080,NEU,61691.12215
2080,OAS,34322.35694
2080,REF,48944.72356
2080,SSA,23394.2937
2080,USA,81019.30583
2081,CAZ,78114.10064
2081,CHA,64130.03152
2081,EUR,75500.4244
2081,IND,35351.26539
2081,JPN,71079.68479
2081,LAM,47470.69804
2081,MEA,43687.05298
2081,NEU,62633.14003
2081,OAS,35060.47132
2081,REF,49687.69453
2081,SSA,24253.4569
2081,USA,81464.30101
2082,CAZ,79039.3598
2082,CHA,64878.10207
2082,EUR,76469.34848
2082,IND,36101.48957
2082,JPN,71973.58559
2082,LAM,48407.46058
2082,MEA,44500.99289
2082,NEU,63580.30042
2082,OAS,35802.37921
2082,REF,50432.60157
2082,SSA,25106.37437
2082,USA,81905.67426
2083,CAZ,79955.56515
2083,CHA,65641.30691
2083,EUR,77436.38389
2083,IND,36857.17029
2083,JPN,72878.94587
2083,LAM,49352.32078
2083,MEA,45315.11466
2083,NEU,64532.64556
2083,OAS,36548.10993
2083,REF,51179.45225
2083,SSA,25953.11399
2083,USA,82343.46963
2084,CAZ,80862.84892
2084,CHA,66420.11001
2084,EUR,78401.53612
2084,IND,37618.36729
2084,JPN,73795.98741
2084,LAM,50305.3841
2084,MEA,46129.41836
2084,NEU,65490.21811
2084,OAS,37297.6931
2084,REF,51928.2542
2084,SSA,26793.74262
2084,USA,82777.73044
2085,CAZ,81761.34079
2085,CHA,67214.9945
2085,EUR,79364.81069
2085,IND,38385.1412
2085,JPN,74724.93773
2085,LAM,51266.75784
2085,MEA,46943.90403
2085,NEU,66453.06125
2085,OAS,38051.15866
2085,REF,52679.01506
2085,SSA,27628.32619
2085,USA,83208.49932
2086,CAZ,82760.39486
2086,CHA,67956.23837
2086,EUR,80390.22102
2086,IND,39176.25786
2086,JPN,75690.31939
2086,LAM,52256.28807
2086,MEA,47827.02832
2086,NEU,67441.79573
2086,OAS,38854.98465
2086,REF,53471.67608
2086,SSA,28591.79964
2086,USA,83663.30259
2087,CAZ,83750.04185
2087,CHA,68712.07529
2087,EUR,81413.08519
2087,IND,39974.01834
2087,JPN,76666.78336
2087,LAM,53255.31364
2087,MEA,48711.34843
2087,NEU,68436.26433
2087,OAS,39663.9125
2087,REF,54266.07686
2087,SSA,29550.52171
2087,USA,84114.61775
2088,CAZ,84730.414
2088,CHA,69482.94049
2088,EUR,82433.41267
2088,IND,40778.50669
2088,JPN,77654.52157
2088,LAM,54263.97186
2088,MEA,49596.86678
2088,NEU,69436.5171
2088,OAS,40477.99094
2088,REF,55062.22312
2088,SSA,30504.52747
2088,USA,84562.48477
2089,CAZ,85701.6411
2089,CHA,70269.28667
2089,EUR,83451.21288
2089,IND,41589.80837
2089,JPN,78653.73042
2089,LAM,55282.40275
2089,MEA,50483.58582
2089,NEU,70442.60464
2089,OAS,41297.26932
2089,REF,55860.12063
2089,SSA,31453.85162
2089,USA,85006.94302
2090,CAZ,86663.8505
2090,CHA,71071.58492
2090,EUR,84466.4952
2090,IND,42408.01032
2090,JPN,79664.61089
2090,LAM,56310.74901
2090,MEA,51371.50799
2090,NEU,71454.57815
2090,OAS,42121.79763
2090,REF,56659.77518
2090,SSA,32398.52854
2090,USA,85448.03127
2091,CAZ,87765.87804
2091,CHA,71814.88322
2091,EUR,85560.42901
2091,IND,43248.83259
2091,JPN,80706.59359
2091,LAM,57360.2373
2091,MEA,52321.74385
2091,NEU,72492.18977
2091,OAS,42993.57445
2091,REF,57498.70071
2091,SSA,33466.01531
2091,USA,85917.38316
2092,CAZ,88857.73825
2092,CHA,72572.40283
2092,EUR,86651.14602
2092,IND,44097.5452
2092,JPN,81759.68941
2092,LAM,58420.61101
2092,MEA,53274.32173
2092,NEU,73536.09779
2092,OAS,43871.82439
2092,REF,58339.43001
2092,SSA,34530.4767
2092,USA,86383.19856
2093,CAZ,89939.57119
2093,CHA,73344.55583
2093,EUR,87738.66039
2093,IND,44954.25971
2093,JPN,82824.07709
2093,LAM,59492.04036
2093,MEA,54229.2503
2093,NEU,74586.35968
2093,OAS,44756.61983
2093,REF,59181.96888
2093,SSA,35591.92558
2093,USA,86845.51728
2094,CAZ,91011.51436
2094,CHA,74131.77037
2094,EUR,88822.9862
2094,IND,45819.08985
2094,JPN,83899.93923
2094,LAM,60574.69918
2094,MEA,55186.53829
2094,NEU,75643.03363
2094,OAS,45648.0342
2094,REF,60026.32319
2094,SSA,36650.37471
2094,USA,87304.37856
2095,CAZ,92073.70275
2095,CHA,74934.49148
2095,EUR,89904.13747
2095,IND,46692.15147
2095,JPN,84987.46238
2095,LAM,61668.76492
2095,MEA,56146.19443
2095,NEU,76706.17855
2095,OAS,46546.14207
2095,REF,60872.4988
2095,SSA,37705.83679
2095,USA,87759.82102
2096,CAZ,93288.22554
2096,CHA,75681.67165
2096,EUR,91079.89935
2096,IND,47565.64461
2096,JPN,86101.81178
2096,LAM,62774.48471
2096,MEA,57154.17177
2096,NEU,77794.35324
2096,OAS,47487.03194
2096,REF,61733.41926
2096,SSA,38874.51374
2096,USA,88247.1788
2097,CAZ,94491.37134
2097,CHA,76442.95568
2097,EUR,92251.84241
2097,IND,48447.99856
2097,JPN,87227.49193
2097,LAM,63892.34747
2097,MEA,58165.88839
2097,NEU,78889.09179
2097,OAS,48435.80088
2097,REF,62596.55766
2097,SSA,40042.17837
2097,USA,88730.83013
2098,CAZ,95683.29929
2098,CHA,77218.74672
2098,EUR,93419.9852
2098,IND,49339.34885
2098,JPN,88364.6765
2098,LAM,65022.55432
2098,MEA,59181.36513
2098,NEU,79990.45377
2098,OAS,49392.54825
2098,REF,63461.92259
2098,SSA,41208.83201
2098,USA,89210.81713
2099,CAZ,96864.16553
2099,CHA,78009.46343
2099,EUR,94584.3462
2099,IND,50239.83377
2099,JPN,89513.54278
2099,LAM,66165.31087
2099,MEA,60200.623
2099,NEU,81098.49946
2099,OAS,50357.37513
2099,REF,64329.52266
2099,SSA,42374.47595
2099,USA,89687.18129
2100,CAZ,98034.12335
2100,CHA,78815.54072
2100,EUR,95744.94373
2100,IND,51149.59446
2100,JPN,90674.2717
2100,LAM,67320.82731
2100,MEA,61223.68316
2100,NEU,82213.2899
2100,OAS,51330.38429
2100,REF,65199.36656
2100,SSA,43539.11152
2100,USA,90159.96347
